Title,Ingredients,Instructions
['Paneer Butter Masala Recipe'],"For Paneer Butter Masala▢ 1½ to 2 tablespoon Butter▢ 1½ teaspoon ginger garlic paste  (or ¾ inch ginger, 3 medium garlic cloves, refer notes)▢ ½ cup water (adjust as required, to cook the gravy)▢ 200 to 250 grams paneer (2 heaped cups diced)▢ 1 teaspoon kasuri methi (dried fenugreek leaves)▢ 3 tablespoon cream (heavy cream, whipping cream or cooking cream)▢ 2 tablespoon coriander leaves (cilantro finely chopped) (for garnish)","▢ Heat butter in the same pan. Optional – When the butter melts, add cinnamon,  cloves, green cardamoms & bay leaf. ▢ Reduce the flame to low, saute ginger garlic paste for a minute until it smells aromatic.▢ Stir in the blended onion tomato puree. Taste test your puree & optionally you may add more red chili powder for a deeper color.▢ Pour more water & mix well. Bring it to a rolling boil. Reduce the heat to medium and cook covered until the gravy cooks down to a thicker consistency. Keep stirring every few minutes.▢ You know the gravy is done when it turns thick and traces of fat is visible on the gravy. Taste test and add more salt or garam masala if needed.▢ Lower the flame completely, add cubed paneer. Take kasuri methi to your palm and crush it in between your palms. Sprinkle this.▢ Mix & cook covered on a low heat for 2 minutes. Turn off and pour cream (save some for garnish) & stir.▢ Transfer paneer butter masala to a serving bowl. Garnish with more cream & chopped coriander leaves. Serve this with butter naan , Basmati rice or jeera rice."
"['Samosa Recipe, How to Make Punjabi Samosa']","To make Green Sauce/chutney▢ 2 cups mint leaves (use only leaves, no stalks, sub with cilantro)▢ 1 cup cilantro/ coriander leaves  (include tender stalks, sub with mint)▢ 2 cup yogurt / thick curd▢ 1 teaspoon sugar (adjust to taste)▢ 1 teaspoon salt (adjust to taste)▢ ⅓ inch ginger peeled▢ 2 small garlic cloves peeled▢ 1¼ teaspoon roasted cumin powder (bhuna jeera powder)▢ 1 teaspoon chaat masala (optional, for the authentic flavors)","▢ Blend together mint, cilantro, salt, ginger, garlic, green chilies, roasted cumin powder, sugar, salt and 2 to 3 tbsp cold yogurt to a smooth paste.▢ Whisk yogurt until smooth and stir in the blended paste. Stir in the chaat masala.▢ Taste test and adjust salt, chili and sprinkle lemon juice if required. Serve with kebabs, snacks & sandwiches."
['Butter Chicken Recipe (Indian Chicken Makhani)'],"For sauce▢ 2 to 3 tablespoons butter  or ghee (divided)▢ 2 inch cinnamon piece▢ 2 to 4 green cardamoms▢ 2 to 4 cloves▢ 1½ cups (130 grams) onions sliced (optional, *updated)▢ 3 cups (600 grams, 24 oz)  fresh tomato puree (or 1 cup passata/canned tomato puree)▢ ¾ tablespoon ginger garlic paste▢ 1 to 2 green chilies  (deseed, slit or chop, optional)▢ 28 (42 grams) whole raw cashews  (soaked in hot water if required, read notes)▢ ½ cup water  to blend (more if required)▢ 1 to 2 teaspoons Kashmiri chili powder  (reduce for kids, adjust to taste)▢ 1 to 1½ teaspoons garam masala  (divided, adjust to taste)▢ 1 to 1½ teaspoon coriander powder  (optional, adjust to taste)▢ ½ teaspoon cumin powder  (optional, adjust to taste)▢ ½ to ¾ teaspoon salt  (adjust to taste)▢ 1 teaspoon sugar  (to balance the flavors)▢ ½ tablespoon Kasuri methi  (dried fenugreek leaves)▢ 1½ cups hot water to make gravy▢ ⅓ cup (80 to 100 ml) heavy cream  or whipping cream (divided)▢ 2 tablespoons coriander leaves (fine chopped to garnish)","▢ Add chicken to the butter chicken gravy. Pour more hot water (about ½ cup, not in the recipe) if the sauce is too thick. Cover and simmer for about 5 to 7 minutes till it becomes tender.▢ Stir in salt, sugar and kasuri methi. Taste test and optionally add more garam masala & another tablespoon butter for additional flavour (both are optional).▢ Turn off and stir in the heavy cream. Garnish Butter Chicken with chopped coriander leaves and some cream. Serve with Turmeric rice, steamed Basmati Rice, Butter naan or Cumin Rice."
['Chana Masala Recipe'],"For Chana Masala Gravy▢ 2 tablespoon oil  or as needed▢ 1 small bay leaf (optional)▢ 1 inch cinnamon  (optional)▢ 2  cloves (optional)▢ 2 green cardamoms (optional)▢ 1½ cups onions (fine chopped, 2 large)▢ 1 green chili  slit (optional)▢ ¾ to 1 tablespoon ginger garlic paste (or ½ tbsp each fine chopped) ▢ 1½ cups tomatoes (fine chopped, 3 large or 1½ cups tomato puree)▢ ¾ teaspoon salt (+ more to adjust to taste)▢ ¼ teaspoon turmeric▢ 1½  teaspoons Kashmiri red chili powder (adjust to taste)▢ 1  teaspoon garam masala  (adjust to taste)▢ 2 teaspoon coriander powder▢ ½ teaspoon cumin powder (optional)▢ 1 teaspoon kasuri methi (dried fenugreek leaves) (optional)▢ ¼ teaspoon amchur  (dried mango powder) (optional)▢ 2 tbsp coriander leaves (cilantro chopped finely)","▢ To make the recipe in Instant pot, make the onion tomato masala on saute mode. Optionally If you want you may cool and blend this. Add the soaked chickpeas with 2 cups water. Deglaze and Pressure cook on high for 35 minutes. When the pressure drops, open the lid. Cook on a saute mode for a few minutes until thick. Add kasuri methi and amchur."
['Palak Paneer Recipe (Indian Spinach Paneer)'],(Optional) Whole spices for palak paneer▢ ⅛ teaspoon cumin seeds (jeera) (optional)▢ 2 green cardamoms (elaichi) (optional)▢ 1 inch cinnamon (dalchini) (optional)▢ 2 cloves (laung) (optional),"▢ Heat 1 tablespoon butter and half tablespoon oil to the same pan, Once they melt, add cinnamon, cardamoms, cloves & cumin seeds. ▢ When the spices begin to sizzle, add onions and fry till they turn transparent to golden.▢ Next saute ginger garlic paste for 1 to 2 minutes or until you begin to smell it nice.▢ Then add tomatoes with salt. Saute until they break down and turn mushy.▢ Add garam masala & saute until the masala smells good. This may take 2 mins. (for a smoother curry refer notes)▢ Pour water and cook covered until onions are completely soft. There should be some water left in the pan. (for consistency check video)▢ Lower the flame, add kasuri methi and pureed spinach. Mix well and cook until it begins to bubble for about 2 to 3 mins. If the curry is too thick you may add a few tbsps of hot water.▢ Avoid overcooking. Add paneer & mix well. Turn off and remove to a serving bowl. Optionally garnish with cream.▢ Serve palak paneer with naan, roti, Basmati rice or Jeera rice."
['Dal Makhani Recipe (Restaurant Style)'],Whole Spices (optional)▢ 1 bay leaf (optional)▢ 2 green cardamoms (optional)▢ 1 black cardamom (optional),"▢ Press SAUTE button on the Instant pot. Add ghee and butter to the steel insert.▢ Once the butter melts, add onions and saute until transparent. Add ginger garlic paste and saute for 30 seconds.▢ Pour the tomato puree, red chilli powder & garam masala. Saute for 3 to 5 mins.▢ Drain the water from the lentils and add them. Pour 3 cups water and deglaze the pot by scrubbing the bottom with a wooden spatula.▢ Press CANCEL button. Secure the Instant pot with the lid. Position the steam release handle to sealing.▢ Press PRESSURE COOK button and set the timer to 30 mins.▢ When the IP finishes it will beep. Wait for the pressure to release naturally.▢ Open the lid.  You will see the dal being runny at this stage.  Add salt & slightly mash the urad dal, not rajma. ▢ Press SAUTE button. Adjust the setting to LOW by pressing the saute button twice.▢ Cook further stirring often until thick. When most of the moisture evaporates, dal turns thicker. Optional – I prefer to add 1 more cup of hot water in 2 batches, ½ cup each time. Cook further until really creamy and thick. ▢ Then add cream and kasuri methi. Continue to cook until creamy.▢ Stir in the butter and garnish dal makhani with cream."
['Matar Paneer Recipe (Mutter Paneer)'],For Matar Paneer Gravy▢ 1½ tablespoon (22 ml)  oil or ghee▢ 1 inch cinnamon (dalchini) (optional)▢ 1 small bay leaf (optional)▢ ¼ teaspoon turmeric▢ ¾ to 1 teaspoon Kashmiri red chili powder  (adjust to taste)▢ ¾ to 1 teaspoon garam masala (adjust to taste)▢ ½ to ¾ teaspoon coriander powder▢ 1 teaspoon sugar▢ 1 cup green peas (matar) (boiled or frozen)▢ 1 to 1 ¼ cup water (use more if needed)▢ 1 green chili deseeded & slit (optional)▢ 250 grams paneer (indian cottage cheese)▢ 1 teaspoon kasuri methi  (dried fenugreek leaves)▢ ¼ teaspoon salt  as needed (about ¼ to ½ tsp)▢ 2 tablespoon coriander leaves (cilantro)▢ 3 to 4 tablespoon cream (optional),"▢ Grate or crush the ginger garlic. Keep aside. Sauté onions in 1 tbsp oil for 5 mins in the Instant pot. Or Alternately bring 1½ cups water to a rolling boil and add the onions. Boil for 5 mins and remove them. ▢ To a blender jar, add boiled/sauteed onions, chopped tomatoes, cashews, cardamoms and yogurt (optional). Blend them to make a very smooth puree without adding water.▢ Press saute button on the instant pot and pour oil. Do not let the pot become too hot. Add bay leaf, cinnamon and ginger garlic (to a side into the oil). Saute for 30 seconds.▢ Pour the onion tomato puree. Add red chilli powder, turmeric powder, salt, sugar, coriander powder and garam masala.▢ Saute until the mixture turns slightly thicker and aromatic. Cover with an external lid to avoid splatters. This step takes about 5 minutes. Press cancel button.▢ Pour 1 cup water and deglaze the pot well. Secure the Instant pot with the lid and position the steam release valve to sealing. ▢ Press pressure cook button (low) & set the timer to 5 mins. If you want to put your rice together, soak basmati rice for 30 mins and drain the water. Place the rice bowl over a trivet and pour hot water.▢ When the IP is done, wait for 6 to 7 minutes & then release the rest of the pressure manually. ▢ Stir the gravy. Add green peas and cook for 2 minutes. (If you are using fresh peas, you will need to boil them separately and then add here.) To avoid splatters, cover the pot when you cook.▢ Taste test and add more salt if needed. If the curry is runny, cook it on saute mode for a few minutes. ▢ Add kasuri methi, cream and paneer. Stir and Press cancel. Remove the steel insert carefully & cover the pot immediately. Let matar paneer rest for 10 minutes."
['Pav Bhaji Recipe (Mumbai Street Style)'],To garnish ▢ 1 Lemon (sliced)▢ 2 to 4 tablespoon onions Chopped finely▢ 2 tablespoon coriander leaves▢ 2 tablespoon butter (divided between servings),"▢ Press SAUTE button on the instant pot. Add oil and butter to the steel insert.▢ Saute onions and green chili until the onions become transparent. Stir in ginger garlic and fry for 30 seconds.▢ Add tomatoes, capsicum and sprinkle salt. Saute until the tomatoes turn soft and mushy.▢ Stir in pav bhaji masala, chilli powder and turmeric. Add all the veggies – potatoes, cauliflower florets, carrots and green peas.▢ Pour 2 cups water (1x) and deglaze the pot by scrubbing the bottom with a wooden spatula.▢ Press CANCEL button and press PRESSURE COOK button with high pressure setting. Set the timer to 5 mins and position the steam release vent to sealing.▢ When the IP completes, it beeps, wait for 5 mins for natural pressure release. Gently release the rest of the pressure manually.▢ There will be lot of water when you open the lid. With a masher, mash all the veggies well, they will soak up the water.▢ Press SAUTE button. If needed add more salt, pav bhaji masala and more red chilli for a brighter color. I usually add ½ teaspoon more red chilli powder at this stage.▢ Let the bhaji simmer for 3 to 4 mins, until thick. Then add add crushed kasuri methi and mix. Press cancel. Sprinkle coriander leaves and 1 tablespoon butter.▢ Slit each bun to 2, horizontally, keeping one edge intact. Heat a pan. Smear some butter and sprinkle pav bhaji masala over the butter. (check images above) Toast the pavs until lightly crisp. ▢ Transfer bhaji to serving bowls. Top with butter & coriander leaves. Squeeze some lemon juice.▢ Serve alongside toasted buns and freshly cut onions."
"['Dosa Recipe, How to Make Dosa Batter']","Recipe 2 – Idli & dosa batter (2-in-1)▢ ½ cup whole urad dal (skinned whole black gram)▢ ¾ to 1 cup cold filtered water (to blend dal)▢ 1½ cup rice (regular raw rice or basmati rice, refer notes) ▢ ½ cup cold filtered water (to blend rice, may need 2 tbsps more)▢ ½ teaspoon methi seeds (fenugreek seeds) (makes dosas golden)▢ 2 tablespoons poha (flattened rice, or substitute ¼ teaspoon methi seeds)▢ ½ teaspoon rock salt  (or non iodized salt or crystal salt)","▢ Heat a dosa griddle/ tawa on a medium heat. When it is slightly hot, add a few drops of oil and spread it with a kitchen paper or a half cut onion (pierced with a fork/ butter knife on the rounded side to hold).This prevents the dosas from sticking to the pan.▢ To check if the pan is hot enough, sprinkle a few drops of water over the pan. If it is ready, it should sizzle.▢ Reduce the heat to low, stir the batter with a ladle and take a ladle (¼ cup) of dosa batter & pour in the center of the hot griddle/ tawa.▢ Immediately begin to spread it evenly with the base of the ladle – starting from the center, in an outward circular motion in a clockwise direction. (Check photos or video in the post)▢ Increase the heat to medium high or high and drizzle oil/ghee/ butter across the edges.▢ Cook until the base turns golden & crisp. Run a thin wooden turner/spatula across the base of the dosa, starting from the edges to the center.▢ Optional – If you want you may cook on the other side – turn it to the other side and cook for a minute. Turn again and cook the base for 30 seconds to crisp it.▢ Fold the dosa and remove from pan. Before making the next dosa, reduce the heat to low. You can also rub the cut onion and then pour the batter.▢ Serve dosa with coconut chutney, potato masala & tiffin sambar."
"['Upma Recipe, How to Make Rava Upma']","other ingredients▢ 1 small onion (chopped or sliced thinly)▢ 2 green chili slit▢ ½ inch ginger (½ to ¾ teaspoon very finely chopped)(optional)▢ 3 cups water (2¾ cups for a drier upma, refer notes) ▢ ½ to ¾ teaspoon salt▢ 2 teaspoon ghee (optional)▢ lemon juice (optional) for serving","▢ Optional – If using peanuts, on a medium heat fry them in a teaspoon oil until deep golden and aromatic. Remove to a plate to use later to garnish.▢ Pour oil to a hot pan. Next add mustard seeds, cumin seeds, urad dal & chana dal. Fry until the dal turns light golden, add cashews.▢ Fry them stirring until the dal and cashews turn aromatic & light brown but not burnt.▢ Add hing, slit green chilies, chopped ginger and curry leaves. Saute for a minute. Add chopped onions and fry until transparent.▢ Optional: To make vegetable upma, you can add green peas, fine chopped carrots and French beans. Stir and cook covered until slightly tender.▢ Pour water and add salt. Mix and taste test the water. It has to be slightly salty. If needed add more.▢ Bring the water to a rolling boil. Set the flame to low. ▢ With one hand pour rava in a slow stream to the boiling water, while you stir the rava in the water with the other hand. This way incorporate the entire rava into the boiling water. (check video). Make sure the water is still boiling well consistently while you add the semolina.▢ Be quick at this stage. Stir everything once to check any lumps. Break up if any.▢ Cover and cook on the lowest flame until the water is completely absorbed. This just takes 2 to 4 mins depending on the kind of pot or pan used.▢ Open the lid and stir once.  Add ghee if you like. Give a quick stir.▢ Switch off the stove and cover again. Allow upma to rest for 5 mins, this helps it to become fluffy.▢ Serve rava upma plain or with spiced peanut podi, chutney, pickle or curd. Garnish with roasted/fried peanuts."
['Idli Recipe (Idli Batter Recipe with Pro Tips)'],"Recipe 2▢ ½ cup urad dal▢ 1½ cups idli rice (or parboiled rice)▢ ½ teaspoon fenugreek seeds (methi seeds)▢ 2 tablespoons thick poha (flattened rice) (substitute with ¼ tsp methi)▢ ¾ cup chilled water (¼ cup more if required, to grind dal)▢ ¾ cup water (to grind rice)","▢ On a high flame, bring water to a boil in an idly steamer or a pressure cooker. If using instant pot, pour 1½ cups water to your inner pot. Press the saute button and bring the water to a rolling boil.▢ Meanwhile grease your idly plates lightly. Mix the idli batter gently 1 to 2 times only. Do not over do as the aerated batter will turn flat. Fill the molds with batter.▢ When the water begins to bubble and steam up, place the stand in the steamer. Cover and steam for exactly 10 mins on a high flame. If using Instant pot, when the water begins to boil,   press CANCEL button. Keep the idli stand in the IP. Cover with the lid & position the steam release handle to venting . Then press STEAM button. Use an external timer to monitor & steam for 10 to 12 mins.▢ Once done turn off and wait for 2 mins. Remove the idly stand. Set aside to cool down for 2 to 3 mins. When cooled, the idli must not be wet on top.▢ With the help of a spoon remove the idlis to a plate. Serve idli with a chutney or sambar."
['Paneer Recipes'],"Recipe 2▢ ½ cup urad dal▢ 1½ cups idli rice (or parboiled rice)▢ ½ teaspoon fenugreek seeds (methi seeds)▢ 2 tablespoons thick poha (flattened rice) (substitute with ¼ tsp methi)▢ ¾ cup chilled water (¼ cup more if required, to grind dal)▢ ¾ cup water (to grind rice)","▢ On a high flame, bring water to a boil in an idly steamer or a pressure cooker. If using instant pot, pour 1½ cups water to your inner pot. Press the saute button and bring the water to a rolling boil.▢ Meanwhile grease your idly plates lightly. Mix the idli batter gently 1 to 2 times only. Do not over do as the aerated batter will turn flat. Fill the molds with batter.▢ When the water begins to bubble and steam up, place the stand in the steamer. Cover and steam for exactly 10 mins on a high flame. If using Instant pot, when the water begins to boil,   press CANCEL button. Keep the idli stand in the IP. Cover with the lid & position the steam release handle to venting . Then press STEAM button. Use an external timer to monitor & steam for 10 to 12 mins.▢ Once done turn off and wait for 2 mins. Remove the idly stand. Set aside to cool down for 2 to 3 mins. When cooled, the idli must not be wet on top.▢ With the help of a spoon remove the idlis to a plate. Serve idli with a chutney or sambar."
['Indian Cucumber Salad'],"To temper▢ 1 teaspoon ghee  or oil▢ ½ teaspoon cumin seeds  (slightly crushed with a rolling pin)▢ 1 pinch mustard seeds  (optional)▢ 6 to 8 curry leaves  (optional, torn if too large)▢ 1 small  green chili  (chopped/ slit sub with red chili flakes)▢ 1 pinch asafoetida / hing (optional)","▢ Rinse and pat dry the cucumbers. If you want you may peel them. Chop finely and add to a bowl.▢ Pour ghee to a small pan/tadka pan and heat on a medium flame. Add the cumin and mustard seeds (optional). When they begin to sizzle and pop, add green chili and curry leaves, followed by hing. ▢ Turn off, cool down slightly. If you want you may remove the chilies & curry leaves with a spoon. Pour the tadka all over the chopped cucumbers & mix well.▢ Do this when you are ready to serve – Stir in salt, sugar, lemon juice and coriander leaves.▢ Sprinkle crushed peanuts and serve Indian Cucumber Salad as a side."
['Indian Rice Pudding'],"▢ ½ cup rice  (any starchy rice)▢ 5 cups (1200 ml) whole milk▢ ½ cup (120 ml) water▢ 1 tablespoon rice flour  (optional, but recommended, not glutinous flour or use custard powder)▢ ¼ to ⅓ cup organic sugar (cut down for low sweet)▢ ½ teaspoon ground cardamom▢ 1 pinch saffron strands  (crushed, omit if you don’t have)▢ 1 teaspoon edible rose water  or kewra water (optional)▢ 1 tablespoon ghee  (optional, read notes to omit)▢ ¼ cup pistachios  (optional)▢ ¼ cup cashews  (split/ chopped)▢ ¼ cup sweet raisins","▢ Pour water and 4 cups milk (or 5 cups if not using rice flour) to a heavy bottom pot. Bring it to a gentle boil on a medium heat. ▢ Meanwhile rinse the rice, drain the water and add it to the hot milk.▢ Cook on a medium heat, stirring often at the bottom and sides. until the rice is soft, and slightly mushy. ▢ Optional – (do this while the pudding cooks to save time) place pistachios in a bowl and pour 1 cup boiling hot water. Let sit for 5 mins, drain and rinse with cold water. Place them on a kitchen cloth/papers and rub to remove the skin. Fine chop and keep aside.▢ Optional  – When the rice is slightly mushy, mix the reserved milk and rice flour in a bowl, to make a lump-free slurry. Pour the rice slurry slowly to the rice pudding, stirring well to incorporate it. Bring it to a boil and simmer for 3 minutes or until it turns thick and creamy.▢ Mash the rice slightly with the back of the ladle to thicken. Add the sugar & cook until it dissolves and the pudding is thick, yet of flowing consistency. It will become thicker after cooling. ▢ Stir in the ground cardamom, saffron, rose water & pistachios if using. Turn off the heat.▢ Heat ghee in a small pan. Add cashews and fry them until golden. Remove to a small plate. Stir in the raisins and fry until they turn plump. Pour the ghee and the raisins as well over the rice pudding. Mix well.▢ Garnish with cashews and sliced pistachios. Serve Indian rice pudding hot or chilled as a dessert."
['Red Lentil Curry'],"▢ 1 cup (200 grams) red lentils  (split or whole)▢ 2½ cups water  (more if needed, same for IP)▢ 2 to 3 tablespoons oil / ghee or butter▢ 1 sprig  curry leaves  or bay leaf▢ 3 inch cinnamon piece + ½ tsp cumin seeds (omit if you don't have)▢ ¾ to 1 cup (1 medium) onions fine chopped▢ ¾ tablespoon (3 medium) garlic cloves grated/pressed ▢ ¾ tablespoon (½ inch slice) ginger  grated/crushed ▢ 1 green chili  (optional, chopped or slit, serrano peppers/ Thai/ Indian green chilies)▢ 1¾ cups (3 medium) Tomatoes  (peeled & chopped/pureed or 14 oz. can crushed tomatoes)▢ 1 teaspoon salt  (more to adjust, cut down if your curry powder has salt)▢ ½ teaspoon Kashmiri chili powder / paprika (adjust to taste)▢ 1 tablespoon curry powder  (mild – or  2 tsp coriander powder, ¾ tsp cumin pow, ¼ tsp each turmeric, chili pow, cardamom, fennel, black pepper )▢ ¾ to 1 teaspoon garam masala  (adjust to taste)▢ 2 teaspoons kasuri methi (dried fenugreek leaves)▢ ⅓  cup heavy cream / yogurt/ cashew cream (20 cashews blend with ⅓ cup water)▢ 2 to 3 tablespoons chopped coriander leaves  to garnish","▢ You don't need to cook the lentils separately. Make the masala first, add the lentils to the cooker.  Pressure cook for 2 to 3 whistles on a medium heat. Wait for the pressure to drop and add kasuri methi and cream. If you want make a extra tadka."
['Savory French Toast'],"▢ 4  slices thick bread slices▢ 1½ tablespoon unsalted butter▢ 2  medium organic eggs▢ ¼ cup milk▢ ⅓ teaspoon salt  (adjust to taste)▢ 2 to 3 tablespoons onion  or shallots or green onions – chopped finely▢ 1 to 2 green chilies  chopped (optional, deseeded for low heat or use black pepper)▢ 2 tablespoon coriander leaves  fine chopped▢ ⅛ teaspoon turmeric▢ ¼ to 1 teaspoon chili flakes  (adjust to taste)▢ ⅓ teaspoon roasted cumin powder▢ ⅓ teaspoon garam masala▢ 4 tablespoons mint chutney  or hot sauce or pesto as needed (optional)▢ ¼ teaspoon chaat masala  to serve – optional","▢ Break eggs to a mixing bowl. Pour milk and add onions, chilies, coriander leaves, turmeric, chili flakes, cumin powder, garam masala and salt. Whisk together until frothy and combined.▢ Heat a non-stick pan with butter on a medium heat. Optional – Spread chutney/sauce on one side of the bread slice. ▢ Place it in the beaten eggs and turn it to the other side with a fork. Remove, shaking off the excess to the same bowl and place in the hot pan. Follow the same steps and toast as many slices as you can in one batch. If you want you may spoon a tablespoon of beaten eggs on each slice.▢ Cook on a medium flame until the base is cooked through.▢ Turn it to the other side with a turner. Press down gently and cook until golden and crisp. Remove to a serving plate and cook the rest of the slices.▢ Sprinkle chaat masala and serve hot."
['Dal Fry Recipe (Restaurant Style Dal Recipe)'],To Serve▢ 1 to 2 tablespoons lemon juice  or as needed (optional),"▢ Press the SAUTE button instant pot and pour ghee to the steel insert.▢ When the ghee melts, add the cumin, red chilli & mustard (optional).▢ As soon as the spices pop, add hing, green chilli & onions.▢ Saute for 2 mins and then fry ginger garlic for 30 seconds.▢ Add in tomatoes and salt. Saute until the tomatoes turn soft and mushy.▢ Stir in red chilli powder, turmeric and garam masala. Add rinsed dal and pour 3 cups water.▢ Press CANCEL button. Mix well and scrape the bottom with the spatula to release any bits of food stuck.▢ Optional – You can also place a long legged trivet and then place your rice bowl and cover.▢ Secure the Instant pot with the lid. Set the steam vent to sealing position.▢ Press the PRESSURE COOK button, high pressure and set the timer to 8 minutes.▢ When the IP beeps wait for the natural release for 10 mins.▢ Mash the dal to suit your liking. Then add kasuri methi and coriander leaves. Taste test and add more salt if needed.▢ If you like thinner consistency you can add little hot water and mix.▢ Sprinkle some lemon juice over the dal fry & serve with rice."
['Masoor Dal Recipe (Red Lentil Dal)'],"To Temper▢ 1 to 2 tablespoon ghee or (1 tbsp oil or 2 tbsps butter)▢ 1 dried red chili broken▢ 2 garlic cloves chopped▢ ¼ teaspoon mustard seeds (optional)▢ ½ teaspoon cumin seeds▢ 1 pinch asafoetida (hing)▢ ½ teaspoon salt  (adjust to taste)▢ ¼ to ½ teaspoon Kashmiri red chili powder (use up to ¾ for heat, adjust to taste)▢ ¼ teaspoon turmeric▢ ⅛ teaspoon garam masala (more if you want)▢ ½ teaspoon kasuri methi (dried fenugreek leaves)▢ 2 tablespoons coriander leaves fine chopped, to garnish▢ 1 to 2 tablespoons lemon juice to serve","▢ Press saute button on the Instant pot and pour oil to the inner pot.▢ Add mustard, cumin, broken red chilies and garlic.▢ When they splutter add tomatoes along with salt, chilli powder, hing, garam masala (optional) and turmeric.▢ Saute for 1 min. Next add dal, green chilli and pour water. ▢ Stir well and deglaze to release any bits of food stuck. Secure the Instant pot with lid. Set the steam release handle to sealing.▢ Optional :You can cook basmati rice together by placing the rice bowl on a long legged trivet.▢ Press pressure cook button and set the timer for 7 mins.▢ Wait for the pressure to release naturally. When the pin drops, open the IP.▢ Add kasuri methi and stir well. Taste test and add more salt or garam masala if required. If the dal is runny, cook on saute mode for a few minutes. If it is too thick pour little hot water and saute for a minute.▢ Squeeze lemon juice and garnish with chopped coriander leaves. Serve masoor dal with rice."
['Chana Dal Recipe (Bengal Gram Dal)'],To Garnish & Serve▢ 2 tablespoons coriander leaves (cilantro chopped finely)▢ 1 tablespoon lemon juice or ¼ to ½ tsp dried mango powder (amchur powder),"▢ Pour oil to the steel insert and press saute button. Once the oil is slightly hot, add cumin seeds. As soon as they splutter, add hing, green chilli and onions.▢ Stir fry until transparent for 2 mins. Add ginger garlic and saute for 30 seconds. Stir in the tomatoes, salt, turmeric, red chilli powder and garam masala. ▢ Saute for 2 to 3 mins and add the chana dal. Pour water and deglaze the pot by scrubbing the bottom of the steel pot with a spatula.▢ Secure the instant pot with the lid and position the steel release handle to sealing. Press pressure cook button and set the timer to 13 minutes.▢ When the pressure drops open the lid and check. Chana dal should be soft cooked yet holding its shape. If you want a slightly consistency, you may mash some of the lentils with the back of the spoon.▢ Stir in crushed kasuri methi. If you want you can also add half teaspoon amchur, more salt and garam masala at this stage. If the lentils are runny, simmer for a few more minutes. If you like it runny, add some boiling hot water and cook on a saute mode for 1 to 2 minutes.▢ Turn off when the chana dal is still runny as it thickens upon cooling. Squeeze some lemon juice and garnish with coriander leaves."
['Green Moong Dal (Green Gram Dal)'],"▢ ½ cup green gram (dried whole green moong, mung beans)▢ ½ cup onions fine chopped (1 medium)▢ ¾ cup tomatoes deseeded & chopped or pureed (1 large)▢ 1 green chili  chopped (optional)▢ ¾ teaspoon ginger minced or paste (¾ inch)▢ 2 to 3 garlic cloves minced (or ¾ teaspoon paste)▢ 1 sprig  curry leaves or bay leaf▢ 1½ to 2 tablespoons oil or ghee▢ ½ teaspoon cumin seeds (jeera)▢ ¼ teaspoon mustard seeds  (optional)▢ ½ to ¾ teaspoon Kashmiri red chili powder (adjust to taste)▢ ½ teaspoon garam masala▢ ¾ teaspoon coriander powder▢ ¼ teaspoon turmeric▢ ¾ teaspoon salt (adjust to taste)▢ 1½ cups water (3 cups for pot) (1½ cups for Instant pot)▢ 2 tablespoon coriander leaves to garnish","▢ Rinse the green moong dal well and keep immersed in fresh water until you prepare the ingredients. Press saute button on your Instant pot and wait for the display to show “HOT”.▢ Pour oil or ghee. Add cumin seeds, curry leaves, onions and green chili.▢ Saute until the onions turn light golden. Stir in the ginger garlic & saute for 30 to 60 seconds.▢ Add tomatoes and sprinkle salt. Saute until the tomatoes turn soft and mushy.▢ Add chilli powder, garam masala, coriander powder & turmeric.  Saute for 30 seconds & press cancel button.▢ Pour water and mix well at the bottom of the steel insert to deglaze any bits of food stuck. At this stage if you desire you can also blend the onion tomato masala using a hand blender.▢ Drain water from the green gram and add them. (Optional for cooking rice – Place a trivet and then the rice bowl. Cover the rice bowl.)▢ Secure the IP with the lid and position the steam release handle to sealing.▢ Press pressure cook button and set the timer to 12 mins. If using dried mung beans (unsoaked) then cook them for 15 mins.▢ Let the pressure release naturally for 10 mins, then release the rest manually.▢ Garnish green gram dal with coriander leaves. You can also stir in some coconut milk or lemon juice if you want."
['Moong Dal Recipe'],"Other ingredients▢ 1 small  onion (¼ cup chopped)▢ 1 large  tomato (½ cup chopped, deseeded if required)▢ ½ to ¾ teaspoon salt (adjust to taste)▢ ½ teaspoon crushed kasuri methi (dry fenugreek leaves) (optional)▢ ¼ to ¾ cup water (more or less for consistency) ▢ 2 tablespoon coriander leaves (cilantro finely chopped)▢ 1 tablespoon lemon juice (or ½ tsp amchur or dry mango powder) as needed","▢ Press the SAUTE button on your Instant pot.▢ Pour ghee or oil to the inner pot. Add cumin,mustard, dried red chilli and curry leaves or bay leaf. ▢ When they splutter, add asafoetida (hing), onions and green chilies. Fry for about 2 mins until the onions turn transparent.▢ Then add in ginger, garlic, red chili powder, garam masala and turmeric. Give a quick stir.▢ Add in tomatoes, salt, rinsed dal and pour 1½ cups water.▢ Deglaze the inner pot by scrubbing with a spatula to release any bits of food stuck.▢ optional – Place a trivet and place your rice bowl.▢ Secure the IP with the lid. Position the steam release handle to sealing. Press PRESSURE COOK  button and set the timer to 10 mins.▢ When the IP is done, press cancel and switch off. Wait for the pressure to release naturally for 10 mins.▢ Release the rest of the pressure manually. With the help of a spoon, gently move the steam release handle from sealing to venting. This releases the steam.▢ Sprinkle kasuri methi over the dal and mash it if you like it smooth. If the dal is too thick you can pour ¼ to ½ cup hot water and bring it to consistency. Taste it and add more salt if needed.▢ Garnish moong dal with coriander leaves and squeeze in lemon juice."
"['Sambar Recipe, How to Make Sambar']",For Sambar Powder or (2 tbsps readymade powder)▢ 1 tablespoon coriander seeds▢ 1 tablespoon chana dal (skinned split bengal gram)▢ 1 teaspoon urad dal (skinned split black gram)▢ ¼ to ½ teaspoon methi seeds  (fenugreek seeds)▢ ½ teaspoon cumin seeds (jeera)▢ 4 to 5 dried red chilies  (kashmiri or byadgi) (less spicy variety),"▢ Set aside the desired portion to refrigerate in smaller containers.▢ Cool completely and refrigerate immediately. To retain the taste of sambar, refrigerate within two hours of cooking. ▢ It keeps good for about 2 to 4 days. Bring it to a boil & make a fresh tempering."
['Masala Dosa Recipe'],To make dosas▢ Butter as needed  (preferably unsalted cultured butter),"▢ Roast 2 tbsps chana dal until golden along with 6 to 8 dried red chilies. Chilies have to turn crisp.▢ Saute 1 large onions lightly in 1 tsp oil until the raw smell goes off. Add 2 pinches of cumin.▢ Cool everything. Powder the dal and chilies first.▢ Add half tsp tamarind (optional), 2 garlic cloves and salt. Blend till smooth. You will have a thick chutney. If the chutney turns very thick, add 1 to 2 tbsps of water and blend again."
['32 Oats Recipes for Breakfast & Snack'],"▢ 1 cup rolled oats▢ ½ cup moong dal (skinned split mung lentils)▢ 2 to 2½ cups water (4 cups for instant pot)▢ 8 to 10 cashews▢ ½ teaspoon black pepper corn (crushed, adjust to taste)▢ ½ teaspoon salt (more to adjust)▢ 1 sprig curry leaves▢ 1 teaspoon ginger grated or fine minced▢ ⅛ teaspoon turmeric▢ ½ teaspoon cumin seeds▢ 2 tablespoon ghee  or as needed▢ ⅛ teaspoon hing (asafoetida)▢ 1 green chilli slit (optional)","▢ Press the saute button and add ghee to the steel insert. Fry the cashews until golden and remove them to a bowl for garnishing later.▢ Add ginger, green chilies (optional), cumin seeds, black pepper and curry leaves. Saute until you begin to smell the curry leaves good.▢ Then add hing and oats. Roast for 2 to 3 mins. If the IP becomes too hot, press cancel in between and continue.▢ Add rinsed moong dal, turmeric and salt. Continue to sauté for 4 to 5 minutes. I found this step makes the dish aromatic and less sticky.▢ Press cancel. Pour 4 cups water and deglaze the pot.▢ Secure the instant pot with the lid. Press pressure cook and set the timer to 8 minutes.▢ After the IP beeps, wait for natural pressure release for 8 minutes. Release the rest of the pressure manually.▢ Stir oats pongal. I prefer to top with little ghee. Serve with papads, pickle or chutney."
['Rava Dosa Recipe | Crispy Suji Dosa'],▢ ½ cup rava (fine semolina or suji)▢ ½ cup rice flour▢ ¼ cup all-purpose flour (maida or ½ cup oats flour or whole wheat pastry flour) (refer notes)▢ 2 to 3 tablespoons onion very fine chopped (optional)▢ 1 green chilli chopped finely▢ 1 teaspoon grated ginger▢ ½ teaspoon cumin seeds (jeera)▢ ¼ to ½ teaspoon crushed black pepper▢ ½ teaspoon salt (adjust to taste)▢ 6 curry leaves  chopped very finely▢ 2 tablespoons coriander leaves chopped very finely▢ 2½ cups water (you may need more)▢ 1 tablespoon curd (plain yogurt) (optional)▢ 2 to 3 tablespoons oil or ghee,▢ Ensure the pan is hot again.▢ Stir the batter well before pouring the batter every time. If needed add more water to bring it to consistency.▢ It is best served hot as it turns soft when it cools down. Serve with any chutney.
['Medu Vada Recipe (Garelu)'],Optional (skip if making for Naivedyam)▢ ¼ to ½ teaspoon pepper corn  (crushed coarsely)▢ 2 to 3 green chilies (chopped)▢ 4 tablespoon onions (chopped) (1 small)▢ 1 sprig curry leaves (chopped)▢ ½ teaspoon cumin seeds (jeera)▢ 1 teaspoon ginger fine grated,"▢ Heat oil in a deep heavy bottom kadai or pan on a medium heat till hot enough. ▢ Drop a small amount of batter to check if the oil is hot. The batter raises if the oil is hot enough.▢ Dip your fingers in water or oil to moisten your fingers. Water should not be dripping.▢ Take small portions of batter.  Shape to a ball, slightly flatten with thumb. ▢ Dip the thumb in water, again no dripping water. Make a hole in the center. ▢ Gently slide the vada in the hot oil by gently shaking off the fingers.▢ Or place the ball on a greased sheet. Flatten it slightly and make a hole in the centre.▢ If the oil becomes too hot, regulate the flame to medium. ▢ Moisten your fingers again. Lift the corner part of the sheet and transfer the vada on to your fingers. Then drop it just by shaking your fingers.▢ Fry medu vada till they turn golden on both sides.▢ Make them and fry them in batches till you use up all the batter. In between every batch, wait till the oil heats up, if not hot.▢ Serve medu vada with coconut chutney or tiffin sambar."
"['Poori Recipe, How to make Puri']",▢ 1 cup wheat flour (atta)▢ ¾ teaspoon semolina (fine rava or chiroti rava) (optional)▢ ¾ teaspoon oil (or ghee)▢ ¼ cup water (plus 1 to 2 tbsp) (adjust as needed)▢ ⅛ teaspoon salt (adjust to taste)▢ oil (for deep frying),"▢ The oil has to be hot enough. Check by dropping a small portion of dough to the pan. It has to rise immediately without browning. ▢ If it browns quickly then reduce the flame slightly and allow the temperature to come down.▢ Slide the puri carefully to the hot oil. Do not disturb until it rises half way to the surface.▢ Quickly but gently begin to press down with a perforated ladle. This helps the poori to puff well.▢ Once puri puffs, flip it carefully. Fry on the other side as well until golden and crisp. ▢ You can fry flipping too and fro once more until slightly crisp & to get the desired color – light golden to dark golden.▢ Remove the puri to a steel colander. Fry the next poori the same way. ▢ Make sure the oil is hot enough, but not smoking before frying the next puri. Serve poori with potato curry, chutney or kurma."
['Rava Idli Recipe | Instant Idli with Suji'],"Other ingredients▢ 1/3 teaspoon salt  – use as needed▢ 2 to 3 tablespoon coriander leaves chopped finely▢ ¾ cup curd or yogurt or dahi (fresh, not sour)▢ ½ cup water for soaking rava▢ 2 to 3 tablespoon water for batter consistency▢ 1 teaspoon lemon juice (skip if using eno)▢ 1 teaspoon Eno or fruit salt or ¼ tsp cooking soda (or soda-bicarbonate) (* refer notes)▢ 1 teaspoon oil  for greasing idli plates▢ 4 cashewnuts  or 8 split cashews▢ 1 teaspoon carrot  grated","▢ Bring water to a boil in a steamer or cooker.▢ When the water is just about to come to a boil in a few minutes, Check the consistency of the batter and pour more water if needed. ▢ The batter has to be thick like regular idli batter and must be smooth. ▢ When you drop it with the spoon it should not be lumpy.▢  It should not be of pouring consistency either.▢ Skip this step if using eno. ▢ Add 1 tsp lemon juice to the batter and give a quick stir.▢ Then sprinkle eno or soda and gently give a good mix. ▢ Avoid over mixing. The batter needs to be steamed immediately otherwise the rava idli will not turn fluffy & soft.▢ Immediately transfer the batter to moulds. ▢ Place it in the hot steamer and steam for 10 mins on a high flame. ▢ Allow the idlis to cool down for 2 mins.▢ If the rava idli is properly done, then a skewer or fork inserted into it comes out clean or with little crumbs. ▢ When the rava idlis cool down for about 3 to 4 mins, demould them with a wet spoon. ▢ Serve rava idli with coconut chutney or potato sagu (recipe below)."
['Masala Chai Recipe (Indian Masala Tea)'],Method 2 – Makes 3 tsp masala chai powder▢ 1 teaspoon green cardamoms (5 grams skinned) (elaichi)▢ ½ teaspoon cloves (2 grams) ▢ 2½ to 3 grams cinnamon  (cassia or Ceylon)▢ ¼ teaspoon fennel seeds (1½ grams) (saunf)▢ ¼ to ½ teaspoon black pepper corn  (½ tsp ground pepper)▢ ½ teaspoon nutmeg  grated or ⅓ of large nutmeg▢ 2 petals star flower (star anise) (chakri phool),▢ Clean all the spices and add to a blender jar. Powder finely. Store it in an airtight glass jar. ▢ Use about ½ to ¾ tsp or more to make 2 servings of tea. For stronger tea you can use about ¾ tsp.
['Curry Sauce Recipe (Instant Pot and Stovetop)'],Optional Whole Spices▢ 1 medium bay leaf▢ 2 to 3 green cardamoms▢ 1 black cardamom▢ 2 to 3 inch cinnamon piece▢ 1 star anise,"▢ Perform the steps till you saute the onions on a SAUTE mode. Turn off the IP. Stir in all the ground spices, followed by the veggies and 1½ cups water. ▢ Pressure cook on high pressure for 16 minutes. Let pressure drop naturally, discard bay leaf, cinnamon, star anise and black cardamom. Blend the ingredients & pour back to the IP. ▢ Add sugar (optional) and salt. Taste test and add more garam masala if required. If the sauce is too thick you may add little water. Cook on a saute mode until you see traces of oil/fats on the sauce and the curry sauce turns thick. This takes about 5 minutes."
['35 Sandwich Recipes'],Optional Whole Spices▢ 1 medium bay leaf▢ 2 to 3 green cardamoms▢ 1 black cardamom▢ 2 to 3 inch cinnamon piece▢ 1 star anise,"▢ Perform the steps till you saute the onions on a SAUTE mode. Turn off the IP. Stir in all the ground spices, followed by the veggies and 1½ cups water. ▢ Pressure cook on high pressure for 16 minutes. Let pressure drop naturally, discard bay leaf, cinnamon, star anise and black cardamom. Blend the ingredients & pour back to the IP. ▢ Add sugar (optional) and salt. Taste test and add more garam masala if required. If the sauce is too thick you may add little water. Cook on a saute mode until you see traces of oil/fats on the sauce and the curry sauce turns thick. This takes about 5 minutes."
['Tomato Soup Recipe'],▢ 500 grams (1.1 lbs) Tomatoes (ripe red tomatoes) cubed▢ 1 tablespoon olive oil or butter▢ 1 small bay leaf▢ 1 medium onion cubed▢ 2 large garlic cloves▢ ⅓ teaspoon Salt or as needed▢ 1½ cup water (or stock) more if needed▢ 1 tablespoon sugar▢ ¾  tablespoon corn starch (corn flour or arrowroot powder or 1 small boiled potato)▢ ½ teaspoon pepper or as desired▢ ¾ to 1 teaspoon dried herbs (I use mixed Italian herbs)▢ 2 stalks Basil (optional)▢ 2 tablespoon cream (or 25 cashew nuts)▢ 1 small carrot (optional) (diced),▢ Spread butter on the bread slices and toast them on a medium heat until crisp. ▢ Then cut them to bite sized pieces.
['Masala Pasta Recipe (Indian Style Pasta)'],"Vegetables ▢ ½ cup onions  (1 medium onion chopped finely)▢ 1¼ cup (120 grams) tomatoes  (chopped or pureed ) do not use sour tomatoes▢ ½ cup carrots chopped (1 medium, optional)▢ ¼ cup green peas (frozen or boiled, optional)▢ ¼ cup capsicum (bell pepper, chopped, optional)▢ 2 to 4 tablespoons sweet corn kernels or 3 baby corn sliced or chopped (optional)","▢ Heat oil & butter (optional) in a pan. When the oil turns hot, add cumin seeds & let them splutter.▢ Stir in the garlic and ginger & saute for a minute.▢ Add onions and sauté them on a medium high heat until they turn golden.▢ Add chopped veggies and fry for about 2 to 3 minutes. Stir in the ground spices & salt.▢ Time to add the tomatoes & the ketchup/ passata (optional). Mix well and cook on a medium heat until the tomatoes cook down and the raw flavor of tomatoes is gone. You will also see oil begins to separate from the masala & the veggies are cooked through. Else cover & cook on a low heat.▢ Pour ¼ to ½ cup pasta cooked water or plain water. Mix well & cook for a few minutes, until the sauce turns thick & saucy. (Do not over cook)▢ Stir in kasuri methi & cooked pasta. Taste test & adjust salt. Cover and cook on a medium heat for 2 to 3 mins, until the pasta turns hot & steaming. ▢ If you want you may stir in heavy cream or grated cheese.▢ Garnish masala pasta with coriander leaves. Serve hot."
['Veg Biryani | Vegetable Biryani'],For garnish & serving▢ 10 fried cashews for garnish (optional)▢ 1 tablespoon lemon juice (optional),"▢ Press the SAUTE button on your IP and pour oil or ghee to the steel insert.▢ Add thinly sliced onions. Spread them to a single layer and saute occasionally until uniformly deep golden. Remove half of these and set aside for later. ▢ Then add the whole spices and green chili. Then add the ginger garlic paste and saute until a nice smell comes out.▢ Add tomatoes, chopped veggies, mint, coriander leaves and sprinkle ⅛ teaspoon salt. Saute until the tomatoes breakdown. This takes about 1 to 2 mins.▢ Stir in the garam masala and red chilli powder.▢ Press CANCEL button & add yogurt. Deglaze by scraping the bottom of the pot with a spatula. This releases any bits of food stuck there.▢ Spread the veggies to a single layer. Next layer the drained rice and level it.▢ In another bowl, stir in ¼ teaspoon salt & 1¼ cup water and taste it. It has to be slightly salty. If needed add more.▢ Pour the water starting from the sides and then in the center. Do not mix. Ensure all of the rice is under the water. ▢ Secure the IP with the lid. Position the steam release valve to sealing position. ▢ Press pressure cook/ manual (set to high pressure) & set the timer for 5 mins. If you double or triple the recipe then set to low pressure with the same cook time. (Alternately you can pressure cook for 4 mins on high pressure setting and wait for 8 mins. Then release the rest manually.)▢ When the IP finishes, for aldente cooked vegetable biryani quick release the pressure manually. For softer rice, wait for 5 to 7 mins (natural pressure release) and then release the rest manually with the help of a spoon.  Garnish with fried onions. Serve with Raita."
['Tomato Chutney Recipe'],To temper (optional)▢ 1 teaspoon oil▢ ¼  teaspoon urad dal (skinned black gram) (optional)▢ 1 sprig curry leaves▢ ¼  teaspoon mustard seeds▢ 1 pinch asafoetida (hing)▢ 1 dried red chili (broken to 2),"▢ If you are on a low fat diet you can also skip the tempering. Heat 1 tsp oil in a pan. ▢ Add ¼ tsp mustard seeds and ¼ tsp urad dal.▢ When the dal turns golden, fry 1 sprig curry leaves and 1 broken red chili till the leaves turn crisp. ▢ Add hing & onion tomato chutney to the pan and mix. Or pour this tempering to the tomato chutney. ▢ Serve with idli, dosa and pesarattu. You can also refrigerate the chutney & use."
['Egg Curry Recipe'],Spice powders▢ ½ to 1 teaspoon red chilli powder▢ ½ to 1 teaspoon garam masala  (refer notes)▢ ½ to 1 teaspoon coriander powder (optional)▢ ⅛ teaspoon turmeric,"▢ Press saute button and add oil to the inner pot of the Instant pot. Add spices & bay leaf.▢ Add ginger garlic and fry for 30 seconds. Then add the tomatoes and salt. ▢ Fry until the tomatoes breakdown. Add chilli powder and turmeric. Saute for a min.▢ When the cumin begins to sizzle add onions and green chilli. Saute until the onions turn light golden.▢ Then pour 1 cup water and mix well to release any bits of food stuck at the bottom of the pot.▢ Place a long leg trivet. Place your basmati rice bowl. Cover it.  Then place the eggs in another bowl. Cover it.▢ Secure the IP with the lid. Position the steam release handle to sealing.▢ Press the pressure cook button (high pressure). Set the timer to 7 mins.▢ When the IP is done, press the cancel button. ▢ When the pin drops, open the lid. Do a quick manual release by moving the steam release handle from sealing to venting. You can also wait for 5 mins for a natural release.▢ Pour cold water to the eggs and let them cool down. Peel the eggs and prick them with a fork.▢ Press the saute button and simmer the eggs in the curry for a minute. Then pour the cream or cashew milk or coconut milk.▢ Stir well and cook until the curry thickens. Taste and add more salt if needed. Turn off and garnish with coriander leaves."
['Malai Kofta Recipe (Paneer Kofta Curry)'],other ingredients▢ 2 tablespoons oil (or 2 tbsp butter)▢ 1 bay leaf (optional)▢ ½ inch cinnamon stick (optional)▢ 2 cardamoms (optional)▢ 1½ teaspoons ginger garlic paste▢ 1 teaspoon red chili powder  (adjust to taste)▢ ¾ to 1¼  teaspoon garam masala (adjust to taste)▢ 1 teaspoon coriander powder (ground coriander seeds)▢ 1 teaspoon salt (adjust to taste)▢ ½ to ¾ teaspoon sugar▢ ½ cup water (¼ cup more if needed)▢ 1 teaspoon kasuri methi (fenugreek leaves)▢ 3 to 4 tablespoons cream,▢ Cool the gravy completelt and transfer it to a serving dish.▢ Cool the malai koftas slightly. Place them in the gravy and pour 1 tbsp of cream. (avoid adding hot koftas to hot gravy)▢ Garnish malai kofta with coriander leaves & serve with butter naan or Jeera Rice.
['Veg Cutlet Recipe (Vegetable Cutlet)'],For crumb coating▢ 2 tablespoon besan or gram flour or rice flour or corn flour▢ ½ cup bread crumbs  or powdered poha for the crust,"▢ Lastly heat 1 tablespoon oil for shallow frying in a wide pan. When the oil turns hot, gently place the veg cutlet in the pan. ▢ Fry them on both the sides until golden and crisp. Set aside and fry them in 2 batches using more oil as needed.▢ To bake the veg cutlet – Preheat the oven to 180 C/ 360 C for 15 mins and place the patties on a greased tray. Bake for about 15 mins on each side or until golden and crisp.▢ Serve veg cutlet with green chutney or any sauce."
['Baingan Bharta Recipe (Eggplant Bharta)'],other ingredients▢ 1½ tablespoons oil (mustard oil or any other)▢ ½ cup (130 grams) onions (chopped)▢ ¾ cup (200 grams) tomato (deseeded & chopped)▢ 3 large garlic cloves (fine chopped)▢ ½ to ¾ inch ginger (fine chopped)▢ ½ teaspoon red chilli powder (adjust to taste)▢ ½ teaspoon garam masala (read notes)▢ ¾ teaspoon salt (adjust to taste)▢ 2 tablespoon coriander leaves (fine chopped),"▢ Pour oil to a hot pan. When the oil turns hot, add chopped ginger and garlic. ▢ Saute for 30 to 60 seconds until aromatic.▢ Then add chopped onions and saute until they turn light golden.▢ Add tomatoes and salt. Cook until they become soft. Then add red chili powder and cook for a few minutes until the raw smell from the tomatoes goes away.▢ Then mashed eggplants, garlic and green chilies. (You may want to save half of the green chilies for later after taste testing)▢ Mix everything and mash it a bit to blend well. Then add garam masala and cook for 3 to 4 minutes on a medium heat.▢ Taste test and add more salt and green chilli. Garnish with coriander leaves. If you like squeeze some lemon juice.▢ Serve baingan bharta with roti, rice or naan."
['Gobi Manchurian Recipe | Cauliflower Manchurian'],"To Make Gobi Manchurian Sauce▢ 1½ tablespoons oil (for sauce)▢ 1 tablespoon garlic fine chopped▢ ½ tablespoon ginger fine chopped▢ 1 green chili chopped (optional)▢ ⅓ cup onions or spring onions/ scallions fine chopped – green & white separated ▢ ¼ cup bell pepper  (capsicum chopped fine) (optional)▢ 1 tablespoon soya sauce (organic or naturally brewed)(or tamari)▢ 2 to 3 tablespoon Red Chilli sauce (or 2 tsps hot sauce, adjust to taste)▢ 1 to 2 tablespoon tomato ketchup (optional, use if using hot sauce)▢ ½  teaspoon Kashmiri red chili powder  (or paprika optional) ▢ ½ tablespoon rice vinegar (I used apple cider vinegar)▢ 1 teaspoon sugar (adjust to taste)▢ salt as needed▢ 3 to 4 tablespoons water▢ ½ to ¾ teaspoon black pepper crushed or ground▢ ⅛ teaspoon salt (adjust to taste)▢ 2 tablespoons spring onion greens chopped for garnish","▢ Optional: Mix together red chili powder with little water (1 tbsp) to a paste and keep aside. This step is optional and is used mainly for the red color.  ▢ Prepare the sauce: Add soya sauce, red chili sauce, tomato ketchup, red chili paste, sugar and vinegar to a small bowl and keep this aside. (for gravy version refer the notes section below). ▢ Heat oil in a wide pan or wok. Add garlic, ginger and green chilies. Saute for a minute or two. ▢ Then add spring onions whites & bell pepper. Saute them on a high flame for 2 mins. ▢ Pour the sauce and water. Mix well and cook stirring until the sauce turns thick. Add black pepper and turn off the heat.▢ Taste test and adjust the heat and salt levels to your taste. The sauce has to be slightly tangy, sweet & hot. If you want you may add more sauce to preference. ▢ Allow the sauce to cool for 1 to 2 mins. Add the fried cauliflower and stir gently to coat well with the manchurian sauce.▢ Garnish gobi manchurian with spring onion greens. Serve immediately as a appetizer or as a side with noodles or fried rice."
"['Basmati Rice Recipe, How to Cook Basmati Rice']",▢ 1 cup  aged basmati rice▢ 2 cups water reduce by ½ cup if using new rice▢ ½ teaspoon oil or ghee (optional)▢ ¼ to ½ teaspoon salt (optional),▢ Heat ghee in a wide pot and add the drained rice (completely no water). Increase the heat to high and stir fry the rice occasionally for 2 to 3 mins.▢ Pour water and bring it to a rolling boil. Reduce the heat and cover the pot. Let cook until all of the water is absorbed.▢ You have the fulffy basmati rice under 10 minutes.
['Veg Fried Rice Recipe (Vegetable Fried Rice)'],"Vegetables▢ ¼ to ½ cup Carrots chopped finely▢ ¼ cup Bell peppers (capsicum) chopped finely▢ ¼ cup French beans (4 to 5 green beans, chopped finely)▢ ¼ cup Green onions  (scallions/spring onions, 4 stalks, fine chopped)▢ ¼ cup Cabbage (optional, or ¾ cup mushrooms sliced )▢ 1 green chili slit (optional, for heat)","▢ Heat a wok with oil on the highest flame and fry chopped garlic slightly just for 30 to 40 seconds. ▢ Next add all the chopped vegetables and fry for 2 to 3 minutes just until half cooked. They should be crunchy and not soft.▢ Add soya sauce. Then add the optional ingredients vinegar and half tsp sugar. Sugar helps to preserve the bright colors of veggies and helps to balance the flavors.▢ Immediately add cooled rice, ¼ teaspoon salt and black pepper. Fry the vegetable fried rice for 2 mins. ▢ Garnish veg fried rice with fresh green onions. Tastes good on its own but you can also pair it with veg manchurian or chilli paneer."
['Ghee Rice Recipe'],Whole spices▢ 2 inch cinnamon (dalchini)▢ 4 cloves (laung)▢ 3 to 4 green cardamoms (elaichi)▢ 1 strand  mace (javitri)▢ 1 star anise (chakri phool)▢ 1 bay leaf (tej patta),"▢ Press the SAUTE button & add ghee to the inner steel pot of the Instant pot.▢ When the ghee melts, add the cashews & saute until they turn light golden.▢ Then add in the raisins and stir until they plum up. Remove the cashews and raisins to a small plate.▢ Stir in the onion slices to the ghee and spread them in a single layer.▢ Next stir them every now and then until they turn golden to light brown & aromatic. If the pot is too hot, you can switch the saute to low by pressing (saute button again). Drain the ghee well and remove to the same plate.▢ Now add in all the whole spices, followed by the green chilli and drained rice.▢ Saute for 30 to 60 seconds & press CANCEL button.▢ Pour water and add salt. Deglaze by scrubbing the bottom of the steel pot with a spatula. Taste the water and add more salt if needed.▢ Secure the instant pot with the lid. Position the steam release handle/ vent to sealing.▢ Press the PRESSURE COOK button (or manual on older IPs) and set the timer to 5 mins.▢ When the IP beeps, wait for natural pressure release for 2 to 3 mins. For softer rice, you can wait upto 5 mins. Then release the rest manually by moving the steam release handle from sealing to venting.▢ Cool down a bit and then garnish ghee rice with fried onions, raisins and cashews."
['Tomato Rice Recipe (Indian Style)'],whole spices (skip if you don't have)▢ 1 small bay leaf or curry leaves▢ ¾ teaspoon cumin seeds (jeera)▢ 1 inch cinnamon piece (dalchini)▢ 3 green cardamoms  (elaichi)▢ 3 cloves (laung),"▢ Soak rice for 30 mins. Press SAUTE button & pour oil to the inner pot of the instant pot. Then fry cashews until golden and remove them. Stir in the whole spices and then add onions. ▢ Saute them until transparent. Add the ginger garlic paste & saute for 30 seconds. Add tomatoes and salt. Saute them until the tomatoes break down and turn mushy. ▢ Add chilli powder, garam masala & turmeric. Saute for just 1 to 2 mins untilthe moisture from tomatoes almost dries up. ▢ Next pour 1¾ cups + 2 tbsp water. Press CANCEL button. Scrape off any bits of spices stuck at the bottom. This prevents from getting a burn notice. ▢ Stir & check the salt. Add more if needed. Then add the rice. Then secure the lid. Set the steam release handle/ value to sealing. Press PRESSURE COOK button (highpressure) for 5 mins.▢ When the tomato rice is done, Instant pot beeps. Wait for 2 mins & release the pressure manually with the help of a spoon by moving the steam release handle to venting from sealing. If you like softer rice then let the pressure release naturally for 7 to 8 mins. Then release the rest manually. ▢ Sprinkle coriander leaves & fluff up the tomato rice with a fork. Garnish with cashews."
['Khichdi Recipe'],optional ingredients▢ 1 medium carrot cubed▢ 8 french beans cut to 1 inch length▢ 1 small potato cubed,"▢ Press saute button (medium) on your Instant pot.  Pour ghee to the steel insert.▢ As soon as the ghee melts, add bay leaf and cumin seeds.▢ When cumin begins to sizzle add onions & chopped chili. ▢ Saute until onions turn transparent. Next add in ginger, hing, tomatoes, all veggies & turmeric. ▢ Saute for 2 to 3 mins until tomatoes turn mushy. ▢ Add drained rice & lentils. Saute them for another 2 to 3 mins. ▢ Next add salt & pour water. Deglaze the pot by scraping the bottom with a spatula to remove bits of food stuck in there if any. Mix well & taste the water. ▢ Add more salt if needed. Secure the lid & move the steam release handle to sealing.▢ Press the pressure cook or manual button (high pressure). Set the timer to 8 mins. Or you can also press porridge button & set timer to 9 mins. ▢ Once it is done, the instant pot beeps, then press cancel and switch off. ▢ Wait for a natural pressure release for 10 minutes & release the rest manually.▢ When the float valve drops, open the lid & stir gently.▢ If you like soupy khichdi, add some hot boiling water to bring to consistency you like. Saute for 1 minute if you prefer.▢ Top dal khichdi with little ghee & serve with pickle or papad or chutney."
['Jeera Rice Recipe (Cumin Rice)'],Whole spices▢ 2 teaspoons cumin seeds (jeera)▢ 1 bay leaf (tej patta)▢ 4 green cardamoms (elaichi)▢ 2 inch cinnamon piece (dalchini)▢ 4 cloves (laung)▢ 1 strand mace (javitri) (optional),"▢ Press saute button and pour ghee to the inner pot of instant pot. ▢ Add all the spices & saute for 1 min until they turn fragrant. Add the drained rice and chilli. Saute for 2 mins stirring occasionally. Do not stir a lot, rice grains will break.▢ Pour 1¾ cups plus 2 tbsps water and add salt. Stir and taste the water. If needed add more salt.▢ Secure the lid & position the steam release handle to sealing. ▢ Press the pressure cook button, set to high pressure. Set the timer for 5 mins. ▢ When done the instant pot beeps. Let the pressure release naturally for a min and release the rest of the pressure manually with the help of a long spoon (moving the vent from sealing to venting). This will give you al dente cooked jeera rice. (Do this always for a larger batch, even for softer rice, refer notes).▢ For softer rice, let the pressure release naturally for 3 to 4 mins. ▢ Fluff up the Jeera rice with a fork & add some coriander leaves. Serve with dal or your favorite curry."
['Gulab Jamun Recipe'],For Sugar Syrup▢ 1 ¼ to 1 ½ cups Sugar▢ 1 ½ cup water▢ 4 pods green cardamom  or ¼ tsp cardamom powder▢ 1 tsp rose water,"▢ Heat up the pan with ghee or oil on a medium heat. ▢ Also check if the syrup is hot. If it is not hot, heat it up a bit. It must be hot and not very hot.▢ To check the right temp, you can drop a small piece of dough in the oil. ▢ It must rise slowly without changing its color. ▢ If it rises rapidly then you will need to cool the oil a bit before frying.▢ When the ghee is just medium hot, add the balls. ▢ Make sure the oil is not very hot else the gulab jamuns will brown without cooking well. ▢ Fry the balls on a medium flame for 1 to 2 mins. Then regulate the flame to low flame & fry until golden. Keep stirring gently to fry them uniformly.▢ Add them to the hot syrup. Allow them to rest for 3 hours and serve. ▢ Garnish gulab jamun with chopped pistachios."
['Besan Ladoo Recipe'],"▢ 2 cup besan (1x – 210 to 220 grams gram flour)▢ ½ cup ghee (1x – 8 tbsps, 100 grams clarified butter)▢ 1 cup  sugar (adjust to taste) (or boora shakkar or powdered jaggery)▢ ⅔ teaspoon green cardamom powder (elaichi (or 4 to 6 cardamoms crushed/powdered)▢ 3 to 4 tablespoons cashews chopped (optional)","▢ When the besan cools down add powdered sugar. If you prefer less sweetness in your ladoos,  add little lesser than mentioned in the recipe. I use all of the powdered sugar.▢ Mix very well to combine the sugar. At first your mixture may seem dry but keep mixing or knead it with your hand. The warmth in your hand will melt the ghee and bind all of them well.▢ Take small portions of this and press down in your palm to roll to balls. You can make about 8 ladoos.▢ Store besan ladoo in a air tight jar at room temperature and use within 3 weeks. Alternately you can refrigerate them for up to 2 to 3 months. Reheat them in microwave for 15 to 20 seconds or in the oven at 80 C or 160 F for a few minutes until they become warm."
['Besan Burfi Recipe'],"▢ 210 grams besan (2 cup gram flour)▢ 2 tablespoon semolina (fine suji, refer notes)▢ 120 grams ghee (½ cup + 1½ tbsps)▢ ¾ teaspoon cardamom powder▢ 200 grams organic sugar (1 cup)▢ ½ cup water▢ 12 almonds or pistachios (chopped or sliced)","▢ Ensure besan has cooled down to slightly hot or warm temperature but the ghee is not solidified. The syrup is slightly hot & not boiling hot. If you put your finger in the syrup, you should feel it is hot and not warm. Check the picture in the step by step photo instructions so you don't go wrong at this stage. The syrup has to be all liquid and still hot.▢ Add cardamom powder to the besan and then pour half of the sugar syrup. ▢ Quickly mix both of them and then pour the rest of the syrup. Mix well. You have to be quick at this stage as the mixture will begin to thicken fast.▢ Immediately pour to the greased tray. Level it with the spatula and sprinkle chopped nuts. Press down with the spatula so the nuts stick to the besan burfi. ▢ It will begin to set immediately as it cools down depending on the temperature in your home. Mine took about 10 mins to cool down and set. Cut the burfi when it is slightly warm.▢ Transfer the besan burfi to a air tight jar. Store at room temperature and use up within 2 weeks."
['Kaju Katli Recipe (Kaju Barfi)'],"▢ 1½ cups cashew nuts (kaju – 200 grams)▢ 90 ml water (6 tablespoons, refer notes)▢ ¾  cup sugar  – 150 grams (refined white sugar is best, refer notes)▢ 1 teaspoon rose water or 1/8 teaspoon cardamom powder or both▢ 2 teaspoons ghee for cooking▢ 1 teaspoon ghee for greasing","▢ To check if the mixture is ready. Turn off the stove and set the pan aside. ▢ Take ¼ teaspoon of this kaju katli mixture and cool down a bit. ▢ Roll it to a ball with greased fingers. You must get a ball that isn't sticky. ▢ Upon cooling completely this has to get the texture of the katli or fudge.▢ Next transfer the cooked kaju katli mixture immediately to a greased plate or parchment paper (butter paper). ▢ Let the temperature come down to warm or slightly hot.▢ While the mixture is still slightly hot or warm, grease your palms and knead it for 2 to 3 minutes to a smooth crack free dough.  (refer video or picture below)▢ Another method is to place the mixture on parchment paper and cover it. Then knead it well with the paper over the mixture. Covering the mixture with parchment paper protects your palm from extreme heat.▢ ( To fix ) If your kaju katli mixture tends to stick a lot, it means it is still underdone. So continue to cook the mixture for a little longer. If your mixture looks dry, sprinkle some boiled and cooled water and knead.▢ Place the ball on a greased aluminum foil or a butter paper and cover it. ▢ With the help of a rolling pin, roll it evenly to ¼ inch thickness. ▢ Cool completely and cut to desired shapes. Store kaju katli in an airtight box."
['Kheer Recipe'],optional▢ 1 tablespoon ghee optional to fry nuts & raisins▢ 1 pinch saffron or 1 tsp edible rose water or kewra water,"▢ Press the saute button.▢ Optional – add ghee to the inner pot of the Instant pot. Fry the cashews until light golden. Add raisins and fry for 30 seconds. Remove to a plate.▢ Pour water (to avoid burn) and milk. Stir in rice and sugar.▢ Secure the lid of the instant pot. Position the steam release handle to sealing. Press the porridge button.▢ Set the timer to 18 mins. When it is done press cancel & switch off. Wait for the pressure to release naturally.▢ When the float valve drops, open the lid and stir in cardamom powder & rose water.▢ Rice kheer will be runny at this stage. For a thicker consistency cook on saute mode for a few mins until thick. It will thicken further after cooling.▢ Transfer kheer to serving bowls & garnish with nuts & raisins. You can also chill the rice kheer and serve."
['Jalebi recipe'],Equipment needed▢ 1 sauce bottle or Zip lock bag or cloth bag,"▢ Ensure oil is hot and the flame set to medium high heat. ▢ Squeeze in the batter gently in circular motions starting from the center moving outside. ▢ You can also do it the other way.  You will get properly shaped ones after making a few.▢ While the jalebi is getting fried, check the syrup. It must be slightly hot to warm when the jalebi is dipped into it. If not heat up a bit.▢ The last 1 minute, turn the flame to low and fry the jalebi. This helps to make them extra crisp.▢ When the jalebi is done it turns crisp. Remove it with a skewer and add to the warm sugar syrup directly.▢ Allow to rest for 2 mins. Remove to a plate. Continue to make more jalebis.▢ Serve jalebi hot."
['Chicken Tikka Masala Recipe'],For Garnish▢ 3 tablespoons heavy cream (or any cream)▢ 3 tablespoons coriander leaves (fine chopped),"▢ Grill in Oven : While the gravy simmers, thread the chicken to the metal skewers or soaked bamboo skewers and place them in a prepared tray. Bake them in a preheated oven at 460 F or 240 C for 9 to 10 mins. Turn them to the other side with a tong and grill then for another 9 to 10 mins. To char the chicken, broil for 2 to 3 mins or until slightly charred. ▢ Or In a Skillet: Pour 1 tbsp oil to a skillet and heat it well. Place the chicken tikka one by one, spacing them apart. Cook on a medium high heat for 3 mins, turn them to the other side with a tong and cook for another 3 mins, until charred and   not essentially fully cooked. Remove to a plate and Cook in batches.▢ Or In the Air fryer: Thread on skewers and place them in the basket or in the tray. Air fry for 6 mins, at 400 F or 200 C. Turn them with tongs and air fry for another 6 mins. If they dry out, you may baste with marinade and continue for another 2 mins, until slightly charred.▢ When the tikka masala turns thick, add sugar and the cream (or cashew cream, check notes to make your own). Stir well and cook for a few minutes until thick, creamy and aromatic. (Check video for consistency)▢ Add the grilled chicken tikka and crushed kasuri methi. (Make sure your gravy has reached a thick gravy consistency/serving consistency, before adding chicken). Stir and cook for 2 to 3 mins until chicken tikka is soft and tender. Taste test and add more salt, garam masala and sugar if needed.▢ Turn off and garnish with cream and coriander leaves. Serve chicken tikka masala with Butter Naan, roti, paratha, Basmati rice or Jeera rice."
['Chicken Biryani Recipe'],"Other ingredients for chicken biryani▢ 2 cups basmati rice (aged rice only)▢ 2 tablespoon ghee or Oil▢ 1 large onion  sliced thinly▢ ¼ to ½ cup mint leaves chopped fine (about 15 leaves)▢ 1 green chili (slit or chopped)▢ ¼ cup plain yogurt (Indian curd)▢ ¼ to ½ teaspoon red chili powder  (optional, for heat)▢ 1 teaspoon garam masala (or biryani masala)▢ 3 cups water (3½ cups for pot) (refer notes, more if needed )▢ ¾ teaspoon salt (to stir in water)▢ 2 tablespoon fried onions (optional)▢ 1 pinch saffron (optional)(soaked in 2 tbsps hot milk)","▢ Mix everything well and layer chicken evenly at the bottom. (check video)▢ Spread drained rice in a layer over the chicken.▢ To a separate pot, pour water. If cooking in a pot use more water.▢ Add salt and mix. Taste the water. It must be slightly salty. Bring this to a rolling boil.▢ Pour 2 cups of this water across the sides of the cooker or pot. Gently pour the rest on top of the rice. (check video)▢ Level the rice if needed. Sprinkle the rest of the mint leaves. Optionally add fried onions & saffron soaked milk if using.▢ Pot method – If cooking in a pot, cover and cook on a medium flame until the rice in the chicken biryani is cooked completely but not mushy or undercooked. If the rice is still under cooked or hard & there is no water at the bottom, pour ¼ to ½ cup more boiling water depending on the kind of rice used and cook further. When done it has to be fully cooked, yet remain grainy but not mushy.▢ Cooker method – Set the flame to medium high. Cover & place the whistle. Cook until you hear 1 whistle. Move the cooker away from the burner to stop cooking further. ▢ Rest until the pressure drops naturally. Fluff up the chicken biryani with a fork. ▢ Serve from top to the bottom layer. Each serving gets biryani rice from top and chicken from the bottom layer. ▢ Enjoy chicken biryani with raita and sliced veggies, papad and shorba (biryani gravy)."
['Butter Chicken Recipe (Indian Chicken Makhani)'],"For sauce▢ 2 to 3 tablespoons butter  or ghee (divided)▢ 2 inch cinnamon piece▢ 2 to 4 green cardamoms▢ 2 to 4 cloves▢ 1½ cups (130 grams) onions sliced (optional, *updated)▢ 3 cups (600 grams, 24 oz)  fresh tomato puree (or 1 cup passata/canned tomato puree)▢ ¾ tablespoon ginger garlic paste▢ 1 to 2 green chilies  (deseed, slit or chop, optional)▢ 28 (42 grams) whole raw cashews  (soaked in hot water if required, read notes)▢ ½ cup water  to blend (more if required)▢ 1 to 2 teaspoons Kashmiri chili powder  (reduce for kids, adjust to taste)▢ 1 to 1½ teaspoons garam masala  (divided, adjust to taste)▢ 1 to 1½ teaspoon coriander powder  (optional, adjust to taste)▢ ½ teaspoon cumin powder  (optional, adjust to taste)▢ ½ to ¾ teaspoon salt  (adjust to taste)▢ 1 teaspoon sugar  (to balance the flavors)▢ ½ tablespoon Kasuri methi  (dried fenugreek leaves)▢ 1½ cups hot water to make gravy▢ ⅓ cup (80 to 100 ml) heavy cream  or whipping cream (divided)▢ 2 tablespoons coriander leaves (fine chopped to garnish)","▢ Add chicken to the butter chicken gravy. Pour more hot water (about ½ cup, not in the recipe) if the sauce is too thick. Cover and simmer for about 5 to 7 minutes till it becomes tender.▢ Stir in salt, sugar and kasuri methi. Taste test and optionally add more garam masala & another tablespoon butter for additional flavour (both are optional).▢ Turn off and stir in the heavy cream. Garnish Butter Chicken with chopped coriander leaves and some cream. Serve with Turmeric rice, steamed Basmati Rice, Butter naan or Cumin Rice."
['Chicken Curry Recipe'],Whole spices (omit if you don't have)▢ 1 bay leaf or 1 sprig curry leaves▢ 4 cloves▢ 2 inch cinnamon piece▢ 3 green cardamom,"▢ Pour hot water just enough (about ½ cup) to make a thick gravy. As you cook, chicken lets out plenty of moisture, depending on that add more water. Check the pictures in the post for consistency.▢ Cover and cook on a medium flame till the chicken is soft cooked and the curry/gravy turns thick. When the chicken is cooked completely it will fall off the bone easily. ▢ Taste the curry & add more salt if needed. You can also add another ½ tsp garam masala at this stage if you feel it is less in flavors.▢ Lastly garnish with coriander leaves, cover and off the heat. Serve chicken curry with butter naan or jeera rice."
['Tandoori Chicken Recipe'],Mix to make red chili oil (or melted butter)▢ 1 teaspoon Kashmiri red chili powder▢ 1 to 2 tablespoon oil (preferably mustard oil),"▢ Preheat the oven to 470 F – 240 C. Place a wire rack over a baking tray, lined with foil for easy cleanup. Spray oil over the wire rack.▢ Arrange the marinated chicken on the rack. Roast/bake the chicken for a total of 25 to 30 mins (depending on the size of chicken), basting with chili oil/ melted butter after the first 12 to 15 mins. (Check at 12 mins mark)▢ Turn the chicken to the other side after basting and roast for another 12 to 15 minutes, followed by 2 to 3 minutes of broiling to get some charred spots. The timings can vary depending on your oven and the size of chicken. So adjust accordingly.▢ When the chicken is cooked through, an instant-read thermometer inserted into the thickest part should read 165 to 170 F (75 C). Optionally you may smoke the chicken following the steps in my post.▢ Brush the drippings or melted butter all over the chicken to keep it moist. Garnish with chopped coriander leaves. ▢ Serve with this Cilantro Chutney or Pudina Mint Chutney alongside onion and lemon wedges. For a complete meal, serve it with Turmeric rice, kachumber and Cucumber raita."
['Chicken Korma Recipe'],"For chicken korma gravy▢ 1 to 2 tablespoon oil or ghee▢ 1 small  bay leaf (optional)▢ 4 cloves (optional)▢ 2 inch cinnamon (optional)▢ 1 cardamom (optional)▢ 1 to 2  green chilies slit or chopped (optional)▢ ½ cup hot water (more if needed)▢ ¼ teaspoon salt  (adjust to taste)▢ ½ to ¾ teaspoon garam masala▢ 1½ teaspoon coriander powder (ground coriander)▢ ¼ teaspoon Kashmiri red chili powder  (optional, for color)▢ 3 tablespoons coriander leaves (cilantro) chopped","▢ To the same pan, add oil and heat it.1 to 2 tablespoon oil or ghee▢ Optional – Saute whole spices – bay leaf, cinnamon stick, cloves and cardamom in oil for a min. ▢ Add green chilli and marinated chicken. Saute on a medium heat until the raw smell of ginger garlic paste goes away. This takes about 5 to 6 minutes.▢ Then add the onion nut puree. Pour hot water and mix well.½ cup hot water▢ Add salt, coriander powder and garam masala. If required you can also add more chili powder for color.▢ Mix well & raise the heat to bring to a boil. Reduce the heat. Cover and cook on a low flame until chicken is cooked to tender & you see traces of oil over the korma.▢ Cook further till the gravy reaches a desired consistency. If it is too thick then pour some hot water to bring it to consistency.▢ Garnish with coriander leaves.▢ Serve chicken korma with Jeera rice, plain Basmati Rice, Butter Naan, roti or paratha."
['Fish Curry Recipe'],For curry▢ 1 tbsp oil▢ 1 sprig  curry leaves or small bay leaf▢ 1 to 2 green chili  (chopped or slit)▢ 1 to 1 ½ tsp garam masala or curry powder as needed (refer notes)▢ 1¼ to 1½ cup water,"▢ Add 1 tbsp more oil to the same pot used earlier. Heat up on a low flame. ▢ When the oil turns slightly hot, add curry leaves & green chilies. ▢ When they splutter, add the ground onion tomato paste and garam masala. Taste test the paste and add more chilli powder at this stage if you want more heat or more deeper color.▢ Saute until the mixture smells good. ▢ Pour 1 ¼ to 1½ cup water. Mix and bring it to a boil. Cook until you see traces of oil on the surface and the gravy thickens a bit.▢ Gently slide the fish pieces and cook covered on a medium heat.▢ Carefully flip or turn the pieces to the other side after 3 to 4 mins.▢ Cook until the fish pieces bulge a bit. This is the indication they are cooked completely. Taste the curry and add more salt if needed.▢ Optionally garnish fish curry with coriander leaves if desired."
['Lamb Curry Recipe'],"▢ 2.2 lbs (1 Kg) bone-in lamb  (shoulder or leg cut or bone-less)▢ ¼  cup plain yogurt  (for substitutes read notes)▢ 2 to 3 teaspoons Kashmiri red chilli powder (adjust to taste, read notes)▢ ½ teaspoon turmeric▢ 2 to 3 teaspoons garam masala (or meat masala, adjust to taste, read notes)▢ ¾ to 1 teaspoon cumin powder▢ 1 tablespoon coriander powder▢ 2 teaspoon salt  (more to adjust)▢ 6 tablespoons oil  or ghee (divided, more if you prefer)▢ 1 bay leaf▢ 6 green cardamoms▢ 3 inch cinnamon piece▢ 2 black cardamom (optional)▢ 1 to 2 star anise (optional)▢ 2 cups onions fine chopped▢ 1½ cup (300 g) tomatoes (fresh tomatoes chopped or pureed or 1 cup bottled like passata)▢ 1 to 2 green chilli slit  ( deseeded, optional)▢ 2 tablespoon ginger garlic paste (or minced, divided equally)▢ 4 tablespoons mint leaves  (pudina, fine chopped)▢ 4 to 5 cup hot water  (cut down for boneless, adjust as needed)▢ ½ tablespoon kasuri methi  (dried fenugreeks leaves, optional)▢ ¼ cup coriander leaves  (fine chopped, optional)","▢ Meanwhile in another pan, heat the rest of the oil/ghee. Add the onions & green chilies. Saute on a medium heat for 6 to 7 mins.▢ Reduce the heat and stir fry for a few more minutes until deep golden but not burnt.▢ Add rest of the ginger garlic  & saute until the raw smell of ginger garlic goes away. This takes 1 to 2 minutes.▢ Turn off the heat & stir in the rest of the ground spices, immediately pour the tomato puree. Cook on a medium heat until the raw flavor of tomatoes is gone.▢ Transfer this to the lamb after 1 hour of cooking lamb. Cook covered on a low heat until the meat is fully cooked and fork tender, for another 50 mins or more. Pour more hot water if required as you cook & keep stirring often, every 5 to 7 mins.▢ Taste test and add more salt or garam masala & kasuri methi if needed. If you want more heat in your lamb curry, add some freshly crushed black pepper.▢ Garnish lamb curry with coriander leaves and serve with roti/ naan/ rice or with any artisan bread.▢ Lamb curry tastes best after resting for a few hours or even the next day. Reheat & adjust the salt when you are ready to serve."
['Rogan Josh Recipe (Lamb Rogan Josh)'],Spices (refer notes)▢ 1 bay leaf (skip if you don't have)▢ 3 to 4 cloves (or ¼ teaspoon ground cloves)▢ 1 inch cinnamon (or ¼ teaspoon ground cinnamon)▢ 3 green cardamoms (or ⅓ teaspoon ground cardamoms)▢ 1 black cardamom (skip if you don't have)▢ 2 teaspoon fennel seeds powder▢ 1 teaspoon dried ginger powder (or substitute 1 teaspoon ginger paste)▢ 1 teaspoon garam masala (optional),"▢ This step is optional. But it helps to thicken the rogan josh. Heat 1.5 tablespoons oil in a pan and saute shallots/onions on a medium heat until golden, about to caramelize but not burnt. Cool them and blend with 2 to 3 tablespoons of yogurt to a smooth paste. Keep this aside.▢ Heat oil or ghee in a heavy bottom pot and add bay leaf, green cardamoms, cinnamon, cloves and black cardamoms. (If you opt for the ground spices, add them later.)▢ When the spices begin to sizzle in oil, add mutton and sear it for 1 to 2 minute on a high heat.▢ Reduce the heat to medium and fry for another 4 to 5 minutes until the meat is slightly brown.▢ While you fry the meat, add yogurt to a mixing bowl. Also add ground spices – red chilli powder, fennel powder, dried ginger powder and salt. ▢ Whisk all of them well. If your yogurt is too thick (like Greek yogurt), add 3 to 4 tablespoons of water or stock and whisk it well until smooth.▢ Once the meat is light brown in color, add hing to the oil. Take the pot off the stove and slowly stir in the spice and yogurt mixture.▢ Mix well and place the pot back on the stove. Cook covered for 3 to 4 minutes on a medium heat. ▢ Pour 1 cup hot water or stock. Cook covered on a low heat until tender, adding more hot water if required.▢ Stir rogan josh every 7 to 8 minutes. When it is done, the mutton pieces should be soft, tender and fall off the bone. (Optional – During the last 20 minutes of cooking add the blended onion paste and mix well.)▢ The cook time depends on the kind of pot, source of heat and the intensity of heat. Do not forget to add more hot water (if required) as you cook.▢ The gravy in Rogan josh is neither too runny nor too thick but is slightly thick as the some of the bone marrow seeps into the liquids. This results can be achieved only by slow cooking the dish.▢ Taste test and add more salt or garam masala if required. Turn off the heat and rest for few hours before serving. This helps to develop the flavors.▢ Serve rogan josh with Tandoori Roti, Butter Naan, Basmati Rice, Paratha or Roti. It is best served with plain rice."
['Rogan Josh Recipe (Lamb Rogan Josh)'],Spices (refer notes)▢ 1 bay leaf (skip if you don't have)▢ 3 to 4 cloves (or ¼ teaspoon ground cloves)▢ 1 inch cinnamon (or ¼ teaspoon ground cinnamon)▢ 3 green cardamoms (or ⅓ teaspoon ground cardamoms)▢ 1 black cardamom (skip if you don't have)▢ 2 teaspoon fennel seeds powder▢ 1 teaspoon dried ginger powder (or substitute 1 teaspoon ginger paste)▢ 1 teaspoon garam masala (optional),"▢ This step is optional. But it helps to thicken the rogan josh. Heat 1.5 tablespoons oil in a pan and saute shallots/onions on a medium heat until golden, about to caramelize but not burnt. Cool them and blend with 2 to 3 tablespoons of yogurt to a smooth paste. Keep this aside.▢ Heat oil or ghee in a heavy bottom pot and add bay leaf, green cardamoms, cinnamon, cloves and black cardamoms. (If you opt for the ground spices, add them later.)▢ When the spices begin to sizzle in oil, add mutton and sear it for 1 to 2 minute on a high heat.▢ Reduce the heat to medium and fry for another 4 to 5 minutes until the meat is slightly brown.▢ While you fry the meat, add yogurt to a mixing bowl. Also add ground spices – red chilli powder, fennel powder, dried ginger powder and salt. ▢ Whisk all of them well. If your yogurt is too thick (like Greek yogurt), add 3 to 4 tablespoons of water or stock and whisk it well until smooth.▢ Once the meat is light brown in color, add hing to the oil. Take the pot off the stove and slowly stir in the spice and yogurt mixture.▢ Mix well and place the pot back on the stove. Cook covered for 3 to 4 minutes on a medium heat. ▢ Pour 1 cup hot water or stock. Cook covered on a low heat until tender, adding more hot water if required.▢ Stir rogan josh every 7 to 8 minutes. When it is done, the mutton pieces should be soft, tender and fall off the bone. (Optional – During the last 20 minutes of cooking add the blended onion paste and mix well.)▢ The cook time depends on the kind of pot, source of heat and the intensity of heat. Do not forget to add more hot water (if required) as you cook.▢ The gravy in Rogan josh is neither too runny nor too thick but is slightly thick as the some of the bone marrow seeps into the liquids. This results can be achieved only by slow cooking the dish.▢ Taste test and add more salt or garam masala if required. Turn off the heat and rest for few hours before serving. This helps to develop the flavors.▢ Serve rogan josh with Tandoori Roti, Butter Naan, Basmati Rice, Paratha or Roti. It is best served with plain rice."
['Mutton Curry | Mutton Masala Gravy'],Hot Water▢ ¾  cup hot water to cook in stovetop pressure cooker▢ 2 to 2½  cups hot water to cook in a regular pot/Dutch oven,"▢ On a low to medium flame, gently heat oil in a pan or pressure cooker. Add the whole spices – cinnamon, cardamoms and bay leaf (optional), followed by onions & green chilies.▢ Saute until onions turn golden. Lower the flame to very low as much as possible.  Then transfer the marinated mutton and saute for 5 to 7 mins.▢ Stir in the meat masala & curry leaves (optional), followed by pureed tomatoes.▢ Increase the heat to medium and saute for another 5 to 7 mins, until the raw flavor of tomatoes has reduced. Pour hot water & mix well.▢ To cook in a regular pot: Bring it to a gentle boil and cook covered on a medium heat for 1 hour 30 minutes. Stir well every 12 to 15 minutes and pour more hot water in batches as needed.▢ Stovetop Pressure Cooker: Pressure cook on a medium heat for 4 to 5 whistles, depending on the kind or cooker, meat and size of the mutton pieces. ▢ When the pressure drops, open the lid and mix well. If the curry is runny, cook/saute for a few more minutes to evaporate some of the moisture. Your mutton is cooked through when it is tender, flakes easily with a fork and falls off the bone easily. ▢ Taste the curry and add more salt if needed. If you feel it is low on flavor, you may sprinkle little garam masala. Garnish with fine chopped coriander leaves.▢ Serve mutton curry hot with rice, tandoori roti, naan or plain paratha."
['Mutton Curry | Mutton Masala Gravy'],Hot Water▢ ¾  cup hot water to cook in stovetop pressure cooker▢ 2 to 2½  cups hot water to cook in a regular pot/Dutch oven,"▢ On a low to medium flame, gently heat oil in a pan or pressure cooker. Add the whole spices – cinnamon, cardamoms and bay leaf (optional), followed by onions & green chilies.▢ Saute until onions turn golden. Lower the flame to very low as much as possible.  Then transfer the marinated mutton and saute for 5 to 7 mins.▢ Stir in the meat masala & curry leaves (optional), followed by pureed tomatoes.▢ Increase the heat to medium and saute for another 5 to 7 mins, until the raw flavor of tomatoes has reduced. Pour hot water & mix well.▢ To cook in a regular pot: Bring it to a gentle boil and cook covered on a medium heat for 1 hour 30 minutes. Stir well every 12 to 15 minutes and pour more hot water in batches as needed.▢ Stovetop Pressure Cooker: Pressure cook on a medium heat for 4 to 5 whistles, depending on the kind or cooker, meat and size of the mutton pieces. ▢ When the pressure drops, open the lid and mix well. If the curry is runny, cook/saute for a few more minutes to evaporate some of the moisture. Your mutton is cooked through when it is tender, flakes easily with a fork and falls off the bone easily. ▢ Taste the curry and add more salt if needed. If you feel it is low on flavor, you may sprinkle little garam masala. Garnish with fine chopped coriander leaves.▢ Serve mutton curry hot with rice, tandoori roti, naan or plain paratha."
